{
  "scores": [
    0.7597765363128491,
    0.7921348314606742,
    0.7921348314606742,
    0.7696629213483146,
    0.8314606741573034
  ],
  "average_score": 0.789
}